defect_id,date,lot_id,part_id,supplier_id,plant_line,shift,station,defect_type,severity,stage,eo_id,linked_measure_id,scrap_cost_usd,rework_cost_usd
D000000001,2025-07-01,L0000013,P0027,S005,Final-1,A,FinalInspect,Dimensional,B,MassProduction,,M000000162,17.6,6.68
D000000002,2025-07-01,L0000014,P0025,S010,Final-1,B,FinalInspect,Dimensional,A,MassProduction,,M000000171,115.78,60.84
D000000003,2025-07-01,L0000021,P0005,S001,BodyLine-1,A,Paint,Dimensional,B,Pilot,,M000000237,187.84,101.26
D000000004,2025-07-01,L0000022,P0003,S007,BodyLine-2,C,Paint,Dimensional,C,MassProduction,,M000000257,104.38,83.54
D000000005,2025-07-02,L0000035,P0005,S001,BodyLine-2,C,Weld-1,Scratch,C,Pilot,,,55.41,27.64
D000000006,2025-07-02,L0000041,P0036,S003,ChassisLine-1,B,ChassisFit,Scratch,B,MassProduction,,,27.3,11.11
D000000007,2025-07-03,L0000050,P0035,S005,BodyLine-1,A,Paint,Scratch,C,MassProduction,,,12.68,27.98
D000000008,2025-07-03,L0000065,P0028,S003,ChassisLine-1,B,DimCheck,Dimensional,C,MassProduction,,M000000771,59.79,25.74
D000000009,2025-07-04,L0000078,P0001,S001,Final-1,B,TrimInstall,Dimensional,B,MassProduction,,M000000928,57.3,27.14
D000000010,2025-07-04,L0000083,P0004,S006,TrimLine-1,A,FinalInspect,Electrical,C,Pilot,,,29.88,45.0
D000000011,2025-07-04,L0000094,P0015,S008,ChassisLine-1,A,ChassisFit,Scratch,C,MassProduction,,,52.47,40.7
D000000012,2025-07-05,L0000104,P0008,S007,ChassisLine-1,A,ChassisFit,Dimensional,B,Pilot,,M000001218,133.31,24.88
D000000013,2025-07-05,L0000113,P0001,S001,Final-1,A,ElectricalTest,Electrical,B,MassProduction,,,172.14,62.42
D000000014,2025-07-06,L0000139,P0012,S001,TrimLine-1,B,FinalInspect,Scratch,B,MassProduction,,,74.87,6.39
D000000015,2025-07-06,L0000140,P0014,S003,TrimLine-1,B,ElectricalTest,Dimensional,B,MassProduction,,M000001628,34.59,60.47
D000000016,2025-07-07,L0000147,P0013,S007,ChassisLine-1,B,Torque,Assembly,B,MassProduction,,,102.13,7.98
D000000017,2025-07-07,L0000153,P0001,S001,TrimLine-1,A,FinalInspect,Assembly,B,MassProduction,,,119.54,85.97
D000000018,2025-07-07,L0000161,P0029,S008,Final-1,A,TrimInstall,Dimensional,A,MassProduction,,M000001899,51.06,18.04
D000000019,2025-07-07,L0000165,P0025,S010,TrimLine-1,A,FinalInspect,Electrical,C,MassProduction,,,60.76,11.39
D000000020,2025-07-08,L0000172,P0015,S008,ChassisLine-1,A,Torque,Assembly,B,MassProduction,,,66.71,17.22
D000000021,2025-07-08,L0000176,P0009,S011,BodyLine-1,B,Paint,Scratch,A,MassProduction,,,112.01,79.88
D000000022,2025-07-08,L0000185,P0024,S002,Final-1,B,FinalInspect,Electrical,C,MassProduction,,,152.74,13.28
D000000023,2025-07-08,L0000193,P0017,S001,ChassisLine-1,C,Torque,Assembly,B,MassProduction,,,103.34,29.45
D000000024,2025-07-09,L0000201,P0018,S001,Final-1,B,ElectricalTest,Electrical,C,MassProduction,,,16.09,49.27
D000000025,2025-07-09,L0000210,P0005,S001,BodyLine-1,A,Paint,Noise/Vibration,B,MassProduction,,,102.36,58.39
D000000026,2025-07-09,L0000219,P0015,S008,ChassisLine-1,A,Torque,Dimensional,B,Pilot,,M000002576,56.37,28.44
D000000027,2025-07-09,L0000220,P0001,S001,TrimLine-1,B,FinalInspect,Dimensional,B,MassProduction,,M000002585,65.4,32.87
D000000028,2025-07-10,L0000221,P0022,S012,ChassisLine-1,A,DimCheck,Assembly,B,MassProduction,,,86.69,7.58
D000000029,2025-07-10,L0000236,P0005,S001,BodyLine-1,B,DimCheck,Dimensional,A,MassProduction,,M000002778,85.08,29.73
D000000030,2025-07-11,L0000253,P0007,S007,BodyLine-1,B,Weld-1,Weld,A,MassProduction,,,163.69,18.83
D000000031,2025-07-11,L0000267,P0015,S008,ChassisLine-1,A,Torque,Noise/Vibration,C,MassProduction,,,86.84,57.38
D000000032,2025-07-12,L0000271,P0008,S007,ChassisLine-1,B,DimCheck,Assembly,C,Prototype,,,64.67,121.81
D000000033,2025-07-12,L0000280,P0027,S005,TrimLine-1,C,TrimInstall,Dimensional,C,MassProduction,,M000003280,29.94,29.66
D000000034,2025-07-12,L0000284,P0034,S006,BodyLine-2,A,Weld-2,Assembly,A,MassProduction,,,154.42,28.96
D000000035,2025-07-13,L0000305,P0016,S007,BodyLine-2,A,DimCheck,Dimensional,C,Pilot,,M000003547,100.64,54.29
D000000036,2025-07-13,L0000309,P0024,S002,Final-1,A,FinalInspect,Weld,B,Pilot,,,34.11,32.19
D000000037,2025-07-13,L0000311,P0023,S004,TrimLine-1,B,ElectricalTest,Assembly,C,MassProduction,,,132.87,51.17
D000000038,2025-07-14,L0000330,P0001,S001,Final-1,B,FinalInspect,Assembly,A,MassProduction,,,254.45,9.1
D000000039,2025-07-14,L0000336,P0032,S005,ChassisLine-1,C,DimCheck,Dimensional,C,Pilot,,M000003890,97.25,14.11
D000000040,2025-07-15,L0000345,P0025,S010,TrimLine-1,C,ElectricalTest,Dimensional,B,Pilot,,M000004025,55.25,25.74
D000000041,2025-07-15,L0000355,P0006,S009,TrimLine-1,A,ElectricalTest,Electrical,B,MassProduction,,,88.54,33.92
D000000042,2025-07-16,L0000367,P0036,S003,ChassisLine-1,A,DimCheck,Weld,C,MassProduction,,,74.73,27.45
D000000043,2025-07-16,L0000369,P0015,S008,ChassisLine-1,A,Torque,Dimensional,B,MassProduction,,M000004319,69.78,15.54
D000000044,2025-07-16,L0000387,P0001,S001,Final-1,B,TrimInstall,Noise/Vibration,C,MassProduction,,,82.41,41.53
D000000045,2025-07-17,L0000390,P0027,S005,Final-1,A,ElectricalTest,Electrical,C,MassProduction,,,6.72,32.91
D000000046,2025-07-17,L0000400,P0032,S005,ChassisLine-1,C,Torque,Dimensional,B,MassProduction,,M000004688,68.4,43.23
D000000047,2025-07-18,L0000409,P0032,S005,ChassisLine-1,A,ChassisFit,Scratch,B,MassProduction,,,25.54,2.48
D000000048,2025-07-18,L0000412,P0010,S005,BodyLine-1,B,Weld-2,Fit/Finish,B,MassProduction,,,55.7,34.34
D000000049,2025-07-18,L0000415,P0025,S010,Final-1,C,ElectricalTest,Scratch,B,MassProduction,,,34.44,16.67
D000000050,2025-07-19,L0000432,P0028,S003,ChassisLine-1,A,Torque,Fit/Finish,C,MassProduction,,,30.63,46.08
D000000051,2025-07-19,L0000432,P0028,S003,ChassisLine-1,A,Torque,Dimensional,B,Pilot,,M000005124,182.79,40.0
D000000052,2025-07-19,L0000449,P0030,S009,TrimLine-1,B,ElectricalTest,Fit/Finish,B,MassProduction,,,32.11,55.23
D000000053,2025-07-21,L0000479,P0015,S008,ChassisLine-1,A,Torque,Dimensional,B,MassProduction,,M000005704,122.27,52.24
D000000054,2025-07-21,L0000481,P0009,S011,BodyLine-1,A,Paint,Assembly,C,MassProduction,,,37.85,38.02
D000000055,2025-07-21,L0000483,P0031,S006,BodyLine-2,B,Weld-1,Dimensional,B,MassProduction,,M000005750,45.07,60.87
D000000056,2025-07-21,L0000492,P0005,S001,BodyLine-1,A,DimCheck,Assembly,B,MassProduction,,,73.77,78.55
D000000057,2025-07-22,L0000506,P0001,S001,Final-1,A,TrimInstall,Dimensional,B,MassProduction,,M000006022,20.03,10.25
D000000058,2025-07-24,L0000555,P0032,S005,ChassisLine-1,A,DimCheck,Assembly,C,Pilot,,,12.19,12.1
D000000059,2025-07-25,L0000579,P0001,S001,Final-1,A,FinalInspect,Noise/Vibration,B,Prototype,,,98.29,89.62
D000000060,2025-07-26,L0000581,P0020,S006,ChassisLine-1,A,DimCheck,Assembly,B,Pilot,EO001,,62.73,33.73
D000000061,2025-07-26,L0000582,P0036,S003,ChassisLine-1,B,Torque,Scratch,A,MassProduction,EO001,,49.97,128.99
D000000062,2025-07-26,L0000583,P0021,S001,ChassisLine-1,A,ChassisFit,Noise/Vibration,B,Prototype,EO001,,120.83,58.32
D000000063,2025-07-26,L0000595,P0027,S005,Final-1,B,TrimInstall,Dimensional,C,Pilot,,M000007122,80.06,27.42
D000000064,2025-07-26,L0000596,P0004,S006,Final-1,A,FinalInspect,Assembly,A,MassProduction,EO001,,225.93,76.33
D000000065,2025-07-27,L0000602,P0020,S006,ChassisLine-1,A,ChassisFit,Dimensional,B,MassProduction,EO001,M000007211,201.47,74.25
D000000066,2025-07-27,L0000609,P0021,S001,ChassisLine-1,B,Torque,Fit/Finish,B,Pilot,EO001,,57.8,9.14
D000000067,2025-07-27,L0000612,P0025,S010,TrimLine-1,A,ElectricalTest,Dimensional,C,Pilot,,M000007335,115.17,5.58
D000000068,2025-07-27,L0000622,P0011,S011,TrimLine-1,A,TrimInstall,Dimensional,B,MassProduction,,M000007458,189.6,18.56
D000000069,2025-07-27,L0000625,P0004,S006,Final-1,C,FinalInspect,Scratch,B,MassProduction,EO001,,78.46,49.28
D000000070,2025-07-28,L0000627,P0036,S003,ChassisLine-1,B,ChassisFit,Fit/Finish,C,MassProduction,EO001,,98.36,24.62
D000000071,2025-07-28,L0000634,P0032,S005,ChassisLine-1,B,DimCheck,Assembly,B,MassProduction,,,202.66,25.15
D000000072,2025-07-28,L0000645,P0012,S001,Final-1,B,TrimInstall,Dimensional,A,MassProduction,EO001,M000007720,327.5,134.42
D000000073,2025-07-28,L0000647,P0001,S001,Final-1,B,FinalInspect,Fit/Finish,C,MassProduction,,,74.21,48.34
D000000074,2025-07-28,L0000648,P0018,S001,TrimLine-1,A,FinalInspect,Noise/Vibration,A,Pilot,,,227.87,25.74
D000000075,2025-07-29,L0000664,P0004,S006,TrimLine-1,B,ElectricalTest,Electrical,A,MassProduction,EO001,,46.78,20.96
D000000076,2025-07-29,L0000669,P0001,S001,TrimLine-1,B,TrimInstall,Assembly,C,Pilot,,,105.25,40.07
D000000077,2025-07-30,L0000689,P0015,S008,ChassisLine-1,C,Torque,Assembly,B,MassProduction,,,117.31,33.67
D000000078,2025-07-30,L0000692,P0012,S001,Final-1,B,TrimInstall,Dimensional,C,MassProduction,EO001,M000008251,288.69,58.19
D000000079,2025-07-31,L0000694,P0036,S003,ChassisLine-1,B,Torque,Dimensional,C,Pilot,EO001,M000008282,55.97,40.34
D000000080,2025-07-31,L0000694,P0036,S003,ChassisLine-1,B,Torque,Dimensional,B,MassProduction,EO001,M000008282,126.43,61.48
D000000081,2025-07-31,L0000700,P0018,S001,Final-1,A,FinalInspect,Dimensional,B,MassProduction,,M000008364,20.77,22.1
D000000082,2025-07-31,L0000703,P0017,S001,ChassisLine-1,A,Torque,Fit/Finish,B,MassProduction,,,13.47,21.08
D000000083,2025-07-31,L0000703,P0017,S001,ChassisLine-1,A,Torque,Electrical,A,MassProduction,,,230.7,76.53
D000000084,2025-07-31,L0000705,P0005,S001,BodyLine-1,A,Weld-1,Weld,B,MassProduction,,,13.78,25.57
D000000085,2025-08-02,L0000740,P0015,S008,ChassisLine-1,A,ChassisFit,Scratch,A,MassProduction,,,410.56,6.37
D000000086,2025-08-02,L0000743,P0009,S011,BodyLine-1,B,Weld-2,Assembly,A,Pilot,,,59.06,25.78
D000000087,2025-08-02,L0000752,P0004,S006,TrimLine-1,A,TrimInstall,Scratch,B,MassProduction,EO001,,128.83,2.26
D000000088,2025-08-03,L0000758,P0012,S001,TrimLine-1,C,TrimInstall,Dimensional,C,Prototype,EO001,M000009098,19.81,23.7
D000000089,2025-08-03,L0000777,P0014,S003,TrimLine-1,A,FinalInspect,Noise/Vibration,C,MassProduction,,,74.95,104.79
D000000090,2025-08-04,L0000778,P0028,S003,ChassisLine-1,B,Torque,Weld,B,Prototype,,,103.66,49.83
D000000091,2025-08-04,L0000785,P0009,S011,BodyLine-2,B,Paint,Noise/Vibration,B,MassProduction,,,28.58,27.46
D000000092,2025-08-04,L0000786,P0012,S001,Final-1,A,FinalInspect,Weld,C,Pilot,EO001,,285.39,64.57
D000000093,2025-08-04,L0000799,P0017,S001,ChassisLine-1,B,ChassisFit,Noise/Vibration,A,MassProduction,,,21.07,21.63
D000000094,2025-08-05,L0000807,P0036,S003,ChassisLine-1,A,DimCheck,Weld,A,Prototype,EO001,,58.15,5.77
D000000095,2025-08-05,L0000812,P0031,S006,BodyLine-1,A,Weld-1,Assembly,C,MassProduction,,,52.12,61.33
D000000096,2025-08-05,L0000813,P0032,S005,ChassisLine-1,A,Torque,Dimensional,C,MassProduction,,M000009776,67.86,41.47
D000000097,2025-08-05,L0000814,P0018,S001,TrimLine-1,B,ElectricalTest,Dimensional,B,Pilot,,M000009784,63.15,39.51
D000000098,2025-08-06,L0000827,P0028,S003,ChassisLine-1,A,DimCheck,Fit/Finish,C,Pilot,,,52.93,63.31
D000000099,2025-08-07,L0000846,P0005,S001,BodyLine-2,B,Weld-1,Weld,B,Pilot,,,27.78,28.63
D000000100,2025-08-07,L0000853,P0033,S001,BodyLine-2,A,Paint,Fit/Finish,B,Pilot,,,37.55,21.54
D000000101,2025-08-07,L0000859,P0016,S007,BodyLine-1,B,Paint,Dimensional,A,Prototype,,M000010341,30.23,65.25
D000000102,2025-08-07,L0000860,P0025,S010,Final-1,B,TrimInstall,Assembly,B,Pilot,,,87.97,28.74
D000000103,2025-08-07,L0000862,P0036,S003,ChassisLine-1,A,Torque,Dimensional,B,MassProduction,EO001,M000010372,60.0,6.36
D000000104,2025-08-07,L0000863,P0029,S008,TrimLine-1,C,TrimInstall,Scratch,B,MassProduction,,,127.08,51.44
D000000105,2025-08-07,L0000865,P0018,S001,TrimLine-1,A,ElectricalTest,Noise/Vibration,A,Prototype,,,66.33,68.45
D000000106,2025-08-08,L0000871,P0017,S001,ChassisLine-1,B,ChassisFit,Noise/Vibration,A,MassProduction,,,176.02,55.03
D000000107,2025-08-08,L0000885,P0012,S001,TrimLine-1,B,TrimInstall,Weld,A,Prototype,EO001,,207.38,18.75
D000000108,2025-08-08,L0000888,P0001,S001,TrimLine-1,C,FinalInspect,Dimensional,A,MassProduction,,M000010689,126.51,44.37
D000000109,2025-08-08,L0000891,P0006,S009,Final-1,C,FinalInspect,Dimensional,B,MassProduction,,M000010709,70.43,87.22
D000000110,2025-08-09,L0000897,P0012,S001,TrimLine-1,B,ElectricalTest,Electrical,B,MassProduction,EO001,,72.13,45.7
D000000111,2025-08-09,L0000911,P0001,S001,TrimLine-1,A,TrimInstall,Scratch,C,MassProduction,,,31.99,11.61
D000000112,2025-08-10,L0000916,P0020,S006,ChassisLine-1,A,ChassisFit,Assembly,C,MassProduction,EO001,,256.32,36.01
D000000113,2025-08-10,L0000926,P0009,S011,BodyLine-1,C,Weld-2,Scratch,A,MassProduction,,,173.05,23.03
D000000114,2025-08-10,L0000927,P0012,S001,Final-1,B,FinalInspect,Weld,B,MassProduction,EO001,,96.95,96.35
D000000115,2025-08-10,L0000929,P0001,S001,Final-1,C,FinalInspect,Noise/Vibration,C,MassProduction,,,40.89,112.82
D000000116,2025-08-10,L0000931,P0004,S006,Final-1,B,ElectricalTest,Assembly,C,MassProduction,EO001,,74.35,22.44
D000000117,2025-08-11,L0000933,P0015,S008,ChassisLine-1,A,DimCheck,Fit/Finish,B,MassProduction,,,48.43,6.95
D000000118,2025-08-11,L0000949,P0021,S001,ChassisLine-1,A,Torque,Dimensional,B,Pilot,EO001,M000011375,151.92,53.83
D000000119,2025-08-12,L0000959,P0007,S007,BodyLine-2,A,Weld-2,Noise/Vibration,A,MassProduction,,,272.26,47.62
D000000120,2025-08-12,L0000962,P0017,S001,ChassisLine-1,B,Torque,Weld,C,MassProduction,,,91.93,17.52
D000000121,2025-08-12,L0000965,P0001,S001,Final-1,C,TrimInstall,Fit/Finish,C,MassProduction,,,24.32,12.62
D000000122,2025-08-13,L0000975,P0001,S001,TrimLine-1,B,FinalInspect,Noise/Vibration,C,MassProduction,,,170.81,43.62
D000000123,2025-08-13,L0000987,P0014,S003,TrimLine-1,A,ElectricalTest,Scratch,A,MassProduction,,,26.95,26.52
D000000124,2025-08-13,L0000989,P0003,S007,BodyLine-1,B,Paint,Electrical,B,Prototype,,,133.3,39.19
D000000125,2025-08-13,L0000999,P0025,S010,TrimLine-1,A,ElectricalTest,Noise/Vibration,C,Pilot,,,142.52,6.14
D000000126,2025-08-14,L0001021,P0009,S011,BodyLine-1,B,Weld-1,Dimensional,A,MassProduction,,M000012234,238.25,38.97
D000000127,2025-08-15,L0001026,P0032,S005,ChassisLine-1,C,ChassisFit,Noise/Vibration,B,MassProduction,,,17.51,9.59
D000000128,2025-08-15,L0001030,P0031,S006,BodyLine-2,A,Weld-2,Dimensional,B,MassProduction,,M000012372,93.15,17.76
D000000129,2025-08-15,L0001040,P0023,S004,TrimLine-1,C,ElectricalTest,Assembly,B,MassProduction,,,83.96,8.9
D000000130,2025-08-16,L0001043,P0009,S011,BodyLine-2,B,Paint,Electrical,C,Pilot,,,71.7,17.61
D000000131,2025-08-16,L0001048,P0035,S005,BodyLine-2,B,Paint,Scratch,B,MassProduction,EO002,,87.27,33.8
D000000132,2025-08-16,L0001051,P0001,S001,TrimLine-1,A,FinalInspect,Assembly,A,MassProduction,,,159.32,38.74
D000000133,2025-08-16,L0001069,P0031,S006,BodyLine-1,B,DimCheck,Scratch,A,Prototype,,,288.28,17.73
D000000134,2025-08-17,L0001074,P0028,S003,ChassisLine-1,A,Torque,Noise/Vibration,C,Pilot,,,31.58,69.63
D000000135,2025-08-17,L0001085,P0004,S006,TrimLine-1,A,TrimInstall,Assembly,B,Pilot,,,69.52,22.08
D000000136,2025-08-17,L0001087,P0031,S006,BodyLine-2,A,Weld-2,Noise/Vibration,C,MassProduction,,,66.86,31.7
D000000137,2025-08-17,L0001088,P0001,S001,Final-1,C,ElectricalTest,Weld,B,MassProduction,,,18.13,47.3
D000000138,2025-08-18,L0001097,P0029,S008,TrimLine-1,C,TrimInstall,Assembly,B,MassProduction,,,270.59,9.19
D000000139,2025-08-18,L0001097,P0029,S008,TrimLine-1,C,TrimInstall,Electrical,A,MassProduction,,,229.94,24.1
D000000140,2025-08-18,L0001104,P0036,S003,ChassisLine-1,A,Torque,Dimensional,A,Pilot,EO002,M000013212,71.75,162.28
D000000141,2025-08-18,L0001112,P0001,S001,TrimLine-1,A,TrimInstall,Dimensional,C,Pilot,,M000013316,111.24,46.29
D000000142,2025-08-18,L0001117,P0022,S012,ChassisLine-1,B,Torque,Electrical,A,MassProduction,EO002,,90.42,24.05
D000000143,2025-08-19,L0001124,P0013,S007,ChassisLine-1,B,Torque,Assembly,A,Prototype,,,25.54,196.17
D000000144,2025-08-19,L0001125,P0025,S010,TrimLine-1,B,TrimInstall,Electrical,C,Pilot,,,18.49,56.08
D000000145,2025-08-19,L0001130,P0036,S003,ChassisLine-1,A,ChassisFit,Weld,A,MassProduction,EO002,,49.42,156.0
D000000146,2025-08-19,L0001135,P0035,S005,BodyLine-2,A,DimCheck,Dimensional,C,Pilot,EO002,M000013594,75.32,24.48
D000000147,2025-08-19,L0001139,P0022,S012,ChassisLine-1,A,DimCheck,Noise/Vibration,B,Pilot,EO002,,269.42,15.29
D000000148,2025-08-20,L0001142,P0036,S003,ChassisLine-1,A,Torque,Fit/Finish,B,Pilot,EO002,,113.75,11.78
D000000149,2025-08-20,L0001162,P0018,S001,TrimLine-1,A,TrimInstall,Dimensional,C,Pilot,,M000013930,24.64,37.59
D000000150,2025-08-21,L0001184,P0031,S006,BodyLine-2,C,Weld-2,Dimensional,B,MassProduction,,M000014229,90.51,33.24
D000000151,2025-08-22,L0001194,P0032,S005,ChassisLine-1,A,Torque,Dimensional,B,MassProduction,,M000014366,140.64,28.21
D000000152,2025-08-22,L0001195,P0005,S001,BodyLine-2,A,Weld-2,Dimensional,C,Pilot,EO002,M000014383,143.05,79.53
D000000153,2025-08-22,L0001196,P0015,S008,ChassisLine-1,B,ChassisFit,Assembly,C,MassProduction,,,28.62,30.77
D000000154,2025-08-22,L0001200,P0027,S005,TrimLine-1,A,TrimInstall,Dimensional,A,MassProduction,,M000014435,119.42,12.66
D000000155,2025-08-22,L0001203,P0036,S003,ChassisLine-1,A,ChassisFit,Dimensional,B,MassProduction,EO002,M000014470,21.69,51.13
D000000156,2025-08-22,L0001203,P0036,S003,ChassisLine-1,A,DimCheck,Assembly,B,Prototype,EO002,,60.37,32.1
D000000157,2025-08-22,L0001203,P0036,S003,ChassisLine-1,A,DimCheck,Scratch,B,MassProduction,EO002,,18.5,24.8
D000000158,2025-08-22,L0001206,P0001,S001,TrimLine-1,C,TrimInstall,Dimensional,C,MassProduction,,M000014494,182.82,44.82
D000000159,2025-08-23,L0001208,P0025,S010,Final-1,B,FinalInspect,Noise/Vibration,A,Pilot,,,284.6,32.47
D000000160,2025-08-23,L0001217,P0004,S006,TrimLine-1,B,TrimInstall,Dimensional,C,Pilot,,M000014611,16.76,8.36
D000000161,2025-08-23,L0001224,P0028,S003,ChassisLine-1,A,DimCheck,Assembly,B,MassProduction,,,65.77,20.84
D000000162,2025-08-23,L0001228,P0036,S003,ChassisLine-1,A,DimCheck,Noise/Vibration,C,MassProduction,EO002,,96.22,51.63
D000000163,2025-08-24,L0001236,P0025,S010,TrimLine-1,A,ElectricalTest,Weld,B,MassProduction,,,78.95,10.74
D000000164,2025-08-25,L0001259,P0014,S003,Final-1,C,ElectricalTest,Dimensional,A,MassProduction,,M000015091,122.12,20.24
D000000165,2025-08-25,L0001259,P0014,S003,Final-1,C,ElectricalTest,Scratch,C,MassProduction,,,133.31,93.33
D000000166,2025-08-25,L0001267,P0009,S011,BodyLine-1,A,Weld-2,Fit/Finish,C,Prototype,,,29.44,52.19
D000000167,2025-08-25,L0001275,P0005,S001,BodyLine-1,B,Weld-1,Dimensional,C,Pilot,EO002,M000015263,112.03,12.16
D000000168,2025-08-26,L0001285,P0035,S005,BodyLine-2,B,DimCheck,Assembly,C,MassProduction,EO002,,43.0,11.26
D000000169,2025-08-26,L0001286,P0034,S006,BodyLine-2,A,Weld-1,Dimensional,C,MassProduction,,M000015385,136.75,12.13
D000000170,2025-08-26,L0001299,P0021,S001,ChassisLine-1,B,ChassisFit,Assembly,B,Prototype,EO002,,46.94,6.43
D000000171,2025-08-26,L0001300,P0002,S010,Final-1,B,TrimInstall,Fit/Finish,B,Prototype,,,11.28,44.54
D000000172,2025-08-26,L0001304,P0018,S001,Final-1,B,TrimInstall,Weld,C,MassProduction,,,93.85,7.16
D000000173,2025-08-27,L0001309,P0035,S005,BodyLine-2,A,Weld-1,Scratch,C,MassProduction,EO002,,66.94,40.37
D000000174,2025-08-27,L0001319,P0024,S002,Final-1,B,TrimInstall,Dimensional,A,Pilot,,M000015750,201.14,40.1
D000000175,2025-08-27,L0001322,P0016,S007,BodyLine-1,B,Paint,Weld,B,Pilot,,,91.42,28.52
D000000176,2025-08-28,L0001339,P0023,S004,Final-1,B,ElectricalTest,Assembly,B,MassProduction,,,93.39,15.86
D000000177,2025-08-28,L0001347,P0035,S005,BodyLine-1,A,DimCheck,Fit/Finish,C,Prototype,EO002,,17.56,58.91
D000000178,2025-08-28,L0001351,P0033,S001,BodyLine-1,B,Weld-1,Assembly,B,Pilot,,,81.51,31.99
D000000179,2025-08-28,L0001354,P0022,S012,ChassisLine-1,A,Torque,Scratch,B,MassProduction,EO002,,82.99,35.77
D000000180,2025-08-28,L0001356,P0024,S002,TrimLine-1,A,TrimInstall,Dimensional,B,Pilot,,M000016181,162.52,83.77
D000000181,2025-08-29,L0001365,P0019,S006,BodyLine-1,A,Weld-2,Scratch,A,MassProduction,,,48.59,42.79
D000000182,2025-08-29,L0001369,P0007,S007,BodyLine-1,C,Weld-1,Noise/Vibration,C,MassProduction,,,72.25,17.71
D000000183,2025-08-29,L0001371,P0022,S012,ChassisLine-1,A,ChassisFit,Dimensional,B,Pilot,EO002,M000016347,78.31,26.0
D000000184,2025-08-29,L0001374,P0002,S010,TrimLine-1,A,FinalInspect,Assembly,A,Pilot,,,143.19,53.49
D000000185,2025-08-30,L0001394,P0034,S006,BodyLine-2,A,Weld-2,Dimensional,B,MassProduction,,M000016627,31.52,22.73
D000000186,2025-08-30,L0001398,P0002,S010,Final-1,A,FinalInspect,Electrical,B,MassProduction,,,196.48,32.01
D000000187,2025-08-31,L0001413,P0006,S009,Final-1,B,TrimInstall,Noise/Vibration,B,MassProduction,,,164.59,93.17
D000000188,2025-08-31,L0001426,P0017,S001,ChassisLine-1,A,ChassisFit,Assembly,C,MassProduction,,,99.66,10.97
D000000189,2025-09-01,L0001436,P0027,S005,Final-1,A,TrimInstall,Assembly,B,Prototype,,,76.85,33.92
D000000190,2025-09-01,L0001439,P0018,S001,TrimLine-1,C,ElectricalTest,Fit/Finish,A,MassProduction,,,238.25,68.67
D000000191,2025-09-02,L0001453,P0009,S011,BodyLine-2,A,Paint,Scratch,A,MassProduction,,,56.66,62.69
D000000192,2025-09-02,L0001461,P0031,S006,BodyLine-1,A,DimCheck,Dimensional,C,Pilot,,M000017488,46.81,67.79
D000000193,2025-09-02,L0001465,P0027,S005,TrimLine-1,C,FinalInspect,Dimensional,B,Pilot,,M000017538,22.42,22.04
D000000194,2025-09-02,L0001469,P0032,S005,ChassisLine-1,A,ChassisFit,Dimensional,B,MassProduction,,M000017589,103.2,17.79
D000000195,2025-09-02,L0001472,P0025,S010,Final-1,A,ElectricalTest,Weld,B,MassProduction,,,108.65,35.61
D000000196,2025-09-02,L0001476,P0028,S003,ChassisLine-1,C,ChassisFit,Assembly,C,Pilot,,,12.68,26.92
D000000197,2025-09-02,L0001476,P0028,S003,ChassisLine-1,C,DimCheck,Scratch,B,Pilot,,,27.84,4.49
D000000198,2025-09-03,L0001484,P0012,S001,Final-1,A,ElectricalTest,Fit/Finish,B,MassProduction,,,101.5,31.16
D000000199,2025-09-03,L0001490,P0011,S011,TrimLine-1,A,FinalInspect,Dimensional,B,Pilot,,M000017853,83.73,18.27
D000000200,2025-09-04,L0001499,P0025,S010,TrimLine-1,B,TrimInstall,Dimensional,C,MassProduction,,M000017960,47.5,12.18
D000000201,2025-09-04,L0001501,P0021,S001,ChassisLine-1,A,Torque,Scratch,B,MassProduction,,,55.5,9.5
D000000202,2025-09-04,L0001506,P0004,S006,Final-1,A,TrimInstall,Noise/Vibration,B,MassProduction,,,40.34,3.48
D000000203,2025-09-04,L0001514,P0011,S011,TrimLine-1,A,FinalInspect,Electrical,B,MassProduction,,,31.84,59.7
D000000204,2025-09-05,L0001519,P0028,S003,ChassisLine-1,A,DimCheck,Fit/Finish,B,MassProduction,,,72.5,14.5
D000000205,2025-09-05,L0001540,P0001,S001,TrimLine-1,A,TrimInstall,Weld,C,MassProduction,,,46.35,8.82
D000000206,2025-09-06,L0001553,P0028,S003,ChassisLine-1,B,ChassisFit,Fit/Finish,C,Pilot,,,62.25,62.68
D000000207,2025-09-06,L0001554,P0014,S003,TrimLine-1,B,FinalInspect,Fit/Finish,C,MassProduction,,,20.77,18.49
D000000208,2025-09-06,L0001555,P0027,S005,Final-1,B,TrimInstall,Dimensional,B,MassProduction,,M000018631,83.89,3.65
D000000209,2025-09-07,L0001580,P0032,S005,ChassisLine-1,C,DimCheck,Weld,C,MassProduction,,,23.32,15.94
D000000210,2025-09-07,L0001581,P0002,S010,Final-1,A,TrimInstall,Dimensional,B,MassProduction,,M000018973,30.05,22.91
D000000211,2025-09-07,L0001585,P0001,S001,TrimLine-1,A,FinalInspect,Dimensional,C,Prototype,,M000019020,116.65,14.01
D000000212,2025-09-08,L0001600,P0036,S003,ChassisLine-1,A,DimCheck,Electrical,B,Pilot,,,193.72,6.8
D000000213,2025-09-08,L0001604,P0016,S007,BodyLine-2,B,Weld-1,Weld,B,MassProduction,,,45.05,42.88
D000000214,2025-09-09,L0001616,P0025,S010,TrimLine-1,A,FinalInspect,Assembly,C,MassProduction,,,102.74,26.92
D000000215,2025-09-09,L0001617,P0028,S003,ChassisLine-1,B,Torque,Fit/Finish,B,Pilot,,,143.1,53.5
D000000216,2025-09-09,L0001625,P0005,S001,BodyLine-1,B,Weld-2,Dimensional,C,Pilot,,M000019484,100.32,14.75
D000000217,2025-09-09,L0001628,P0012,S001,Final-1,B,TrimInstall,Scratch,B,MassProduction,,,81.01,8.4
D000000218,2025-09-10,L0001642,P0031,S006,BodyLine-2,A,Paint,Noise/Vibration,C,MassProduction,,,118.4,9.86
D000000219,2025-09-11,L0001662,P0009,S011,BodyLine-1,A,Weld-2,Dimensional,A,MassProduction,,M000019889,106.01,26.44
D000000220,2025-09-11,L0001672,P0005,S001,BodyLine-2,A,Weld-1,Dimensional,A,MassProduction,,M000020017,262.41,71.33
D000000221,2025-09-11,L0001687,P0001,S001,Final-1,A,TrimInstall,Noise/Vibration,B,MassProduction,,,64.64,11.3
D000000222,2025-09-12,L0001695,P0002,S010,Final-1,C,TrimInstall,Noise/Vibration,B,MassProduction,,,54.96,22.57
D000000223,2025-09-13,L0001715,P0018,S001,TrimLine-1,A,FinalInspect,Dimensional,A,MassProduction,,M000020518,78.39,37.1
D000000224,2025-09-13,L0001718,P0032,S005,ChassisLine-1,A,ChassisFit,Assembly,A,MassProduction,,,124.99,36.97
D000000225,2025-09-13,L0001719,P0014,S003,Final-1,A,FinalInspect,Noise/Vibration,C,Pilot,,,36.18,46.79
D000000226,2025-09-14,L0001735,P0007,S007,BodyLine-1,A,Weld-2,Electrical,B,Pilot,,,17.3,28.9
D000000227,2025-09-15,L0001758,P0015,S008,ChassisLine-1,A,ChassisFit,Weld,C,MassProduction,,,25.43,59.23
D000000228,2025-09-15,L0001763,P0007,S007,BodyLine-2,A,Weld-2,Dimensional,B,MassProduction,,M000021123,81.31,22.39
D000000229,2025-09-16,L0001792,P0001,S001,TrimLine-1,A,ElectricalTest,Dimensional,B,MassProduction,,M000021462,40.07,35.62
D000000230,2025-09-18,L0001845,P0012,S001,TrimLine-1,B,FinalInspect,Dimensional,A,MassProduction,,M000022120,366.01,5.11
D000000231,2025-09-19,L0001857,P0017,S001,ChassisLine-1,A,DimCheck,Fit/Finish,B,MassProduction,,,67.16,15.05
D000000232,2025-09-19,L0001863,P0012,S001,Final-1,B,FinalInspect,Weld,A,Pilot,,,184.28,12.93
D000000233,2025-09-20,L0001865,P0018,S001,TrimLine-1,A,ElectricalTest,Assembly,B,MassProduction,,,19.7,28.95
D000000234,2025-09-20,L0001869,P0036,S003,ChassisLine-1,C,DimCheck,Assembly,A,Pilot,,,81.44,39.34
D000000235,2025-09-20,L0001869,P0036,S003,ChassisLine-1,C,DimCheck,Electrical,B,Prototype,,,118.04,36.08
D000000236,2025-09-20,L0001883,P0027,S005,Final-1,A,TrimInstall,Scratch,C,Pilot,,,40.69,37.68
D000000237,2025-09-21,L0001909,P0018,S001,Final-1,B,ElectricalTest,Dimensional,B,MassProduction,,M000022952,80.12,29.95
D000000238,2025-09-22,L0001910,P0001,S001,Final-1,B,TrimInstall,Dimensional,B,Pilot,,M000022954,79.14,19.39
D000000239,2025-09-22,L0001913,P0002,S010,TrimLine-1,B,TrimInstall,Scratch,C,MassProduction,,,129.95,33.47
D000000240,2025-09-22,L0001913,P0002,S010,TrimLine-1,B,ElectricalTest,Weld,B,MassProduction,,,74.29,39.97
D000000241,2025-09-22,L0001929,P0025,S010,TrimLine-1,C,FinalInspect,Scratch,C,Prototype,,,35.96,27.94
D000000242,2025-09-23,L0001934,P0020,S006,ChassisLine-1,A,DimCheck,Noise/Vibration,B,Pilot,,,117.18,66.44
D000000243,2025-09-24,L0001957,P0028,S003,ChassisLine-1,A,ChassisFit,Scratch,B,MassProduction,,,26.42,52.63
D000000244,2025-09-24,L0001970,P0018,S001,TrimLine-1,B,TrimInstall,Assembly,B,MassProduction,,,29.28,20.66
D000000245,2025-09-25,L0001982,P0024,S002,Final-1,A,TrimInstall,Scratch,A,MassProduction,,,124.93,42.43
D000000246,2025-09-25,L0001985,P0008,S007,ChassisLine-1,A,Torque,Fit/Finish,A,MassProduction,,,70.66,79.18
D000000247,2025-09-25,L0001986,P0028,S003,ChassisLine-1,C,ChassisFit,Electrical,C,MassProduction,,,104.53,30.57
D000000248,2025-09-26,L0002019,P0036,S003,ChassisLine-1,A,DimCheck,Assembly,A,MassProduction,,,23.44,5.9
D000000249,2025-09-26,L0002022,P0003,S007,BodyLine-2,A,DimCheck,Assembly,B,MassProduction,,,86.24,24.15
D000000250,2025-09-27,L0002024,P0019,S006,BodyLine-1,B,Weld-1,Dimensional,C,MassProduction,,M000024375,108.3,57.78
D000000251,2025-09-27,L0002028,P0032,S005,ChassisLine-1,A,DimCheck,Dimensional,C,Prototype,,M000024412,356.02,19.48
D000000252,2025-09-27,L0002029,P0018,S001,Final-1,B,ElectricalTest,Dimensional,B,MassProduction,,M000024424,63.16,78.43
D000000253,2025-09-29,L0002082,P0009,S011,BodyLine-1,A,DimCheck,Fit/Finish,C,Pilot,,,97.22,60.35
D000000254,2025-09-29,L0002086,P0028,S003,ChassisLine-1,B,Torque,Noise/Vibration,C,MassProduction,,,50.39,14.54
D000000255,2025-09-29,L0002090,P0031,S006,BodyLine-2,B,Weld-1,Weld,C,MassProduction,,,45.67,16.42
D000000256,2025-10-01,L0002121,P0008,S007,ChassisLine-1,B,DimCheck,Dimensional,B,MassProduction,,M000025513,100.17,33.84
D000000257,2025-10-01,L0002125,P0027,S005,TrimLine-1,C,FinalInspect,Dimensional,A,MassProduction,,M000025570,66.71,159.66
D000000258,2025-10-02,L0002146,P0023,S004,TrimLine-1,A,FinalInspect,Scratch,C,Pilot,,,170.38,4.58
D000000259,2025-10-02,L0002149,P0001,S001,Final-1,A,TrimInstall,Dimensional,B,MassProduction,,M000025855,111.31,68.14
D000000260,2025-10-02,L0002154,P0013,S007,ChassisLine-1,B,DimCheck,Fit/Finish,A,MassProduction,,,175.06,70.94
D000000261,2025-10-02,L0002155,P0036,S003,ChassisLine-1,A,Torque,Noise/Vibration,B,MassProduction,,,30.97,32.29
D000000262,2025-10-05,L0002205,P0031,S006,BodyLine-2,C,Weld-1,Weld,B,MassProduction,,,58.6,9.46
D000000263,2025-10-06,L0002228,P0028,S003,ChassisLine-1,B,Torque,Dimensional,B,MassProduction,,M000026808,85.42,7.39
D000000264,2025-10-06,L0002246,P0005,S001,BodyLine-2,A,Weld-2,Dimensional,B,MassProduction,,M000027009,135.63,68.01
D000000265,2025-10-07,L0002251,P0005,S001,BodyLine-1,A,Paint,Dimensional,A,Pilot,,M000027087,170.77,53.93
D000000266,2025-10-07,L0002252,P0015,S008,ChassisLine-1,A,ChassisFit,Noise/Vibration,C,Pilot,,,103.25,35.9
D000000267,2025-10-08,L0002267,P0025,S010,TrimLine-1,C,ElectricalTest,Dimensional,B,MassProduction,,M000027265,322.21,19.55
D000000268,2025-10-08,L0002280,P0002,S010,TrimLine-1,B,FinalInspect,Dimensional,C,MassProduction,,M000027429,162.93,47.68
D000000269,2025-10-08,L0002283,P0032,S005,ChassisLine-1,B,Torque,Dimensional,B,MassProduction,,M000027467,24.46,23.49
D000000270,2025-10-09,L0002291,P0009,S011,BodyLine-1,A,Paint,Dimensional,B,MassProduction,,M000027569,164.78,36.8
D000000271,2025-10-09,L0002299,P0005,S001,BodyLine-2,B,DimCheck,Dimensional,C,MassProduction,,M000027686,40.48,30.82
D000000272,2025-10-09,L0002312,P0027,S005,TrimLine-1,C,TrimInstall,Dimensional,C,MassProduction,,M000027858,13.92,50.1
D000000273,2025-10-10,L0002330,P0028,S003,ChassisLine-1,A,ChassisFit,Dimensional,B,MassProduction,,M000028058,69.93,11.24
D000000274,2025-10-10,L0002332,P0029,S008,TrimLine-1,A,TrimInstall,Dimensional,C,MassProduction,,M000028088,16.34,45.9
D000000275,2025-10-10,L0002334,P0017,S001,ChassisLine-1,C,ChassisFit,Assembly,B,MassProduction,,,124.49,21.97
D000000276,2025-10-11,L0002340,P0031,S006,BodyLine-1,B,Weld-2,Dimensional,C,Pilot,,M000028189,69.31,9.86
D000000277,2025-10-11,L0002345,P0027,S005,TrimLine-1,C,FinalInspect,Weld,A,MassProduction,,,353.72,32.54
D000000278,2025-10-12,L0002359,P0036,S003,ChassisLine-1,A,DimCheck,Scratch,C,Pilot,,,57.77,29.39
D000000279,2025-10-12,L0002363,P0024,S002,Final-1,B,FinalInspect,Assembly,C,MassProduction,,,175.64,66.35
D000000280,2025-10-12,L0002377,P0018,S001,TrimLine-1,C,ElectricalTest,Dimensional,B,MassProduction,,M000028620,161.46,59.24
D000000281,2025-10-13,L0002380,P0015,S008,ChassisLine-1,B,DimCheck,Noise/Vibration,C,MassProduction,,,40.91,47.73
D000000282,2025-10-13,L0002401,P0017,S001,ChassisLine-1,C,Torque,Assembly,B,MassProduction,,,86.76,24.24
D000000283,2025-10-14,L0002405,P0028,S003,ChassisLine-1,B,DimCheck,Scratch,C,Prototype,,,18.25,69.11
D000000284,2025-10-14,L0002405,P0028,S003,ChassisLine-1,B,Torque,Scratch,B,MassProduction,,,106.71,40.09
D000000285,2025-10-14,L0002405,P0028,S003,ChassisLine-1,B,Torque,Fit/Finish,C,Prototype,,,31.54,20.41
D000000286,2025-10-14,L0002424,P0002,S010,Final-1,B,ElectricalTest,Fit/Finish,B,Prototype,,,87.44,88.16
D000000287,2025-10-14,L0002426,P0020,S006,ChassisLine-1,B,DimCheck,Assembly,B,Pilot,EO003,,38.85,109.72
D000000288,2025-10-15,L0002444,P0010,S005,BodyLine-1,A,Paint,Scratch,B,MassProduction,EO003,,23.41,50.97
D000000289,2025-10-15,L0002446,P0036,S003,ChassisLine-1,B,DimCheck,Weld,B,Prototype,,,83.7,101.37
D000000290,2025-10-16,L0002457,P0034,S006,BodyLine-2,B,DimCheck,Assembly,A,MassProduction,,,9.64,27.25
D000000291,2025-10-16,L0002468,P0007,S007,BodyLine-1,C,Weld-2,Weld,B,Prototype,,,60.67,38.95
D000000292,2025-10-16,L0002470,P0020,S006,ChassisLine-1,B,DimCheck,Noise/Vibration,C,Pilot,EO003,,46.86,16.31
D000000293,2025-10-17,L0002477,P0011,S011,TrimLine-1,B,FinalInspect,Weld,C,Prototype,EO003,,19.92,37.17
D000000294,2025-10-17,L0002482,P0021,S001,ChassisLine-1,A,ChassisFit,Fit/Finish,C,MassProduction,,,57.16,71.43
D000000295,2025-10-17,L0002489,P0018,S001,TrimLine-1,C,ElectricalTest,Fit/Finish,C,MassProduction,,,23.3,4.86
D000000296,2025-10-18,L0002500,P0027,S005,TrimLine-1,B,ElectricalTest,Dimensional,B,Prototype,EO003,M000030162,50.6,5.98
D000000297,2025-10-18,L0002502,P0015,S008,ChassisLine-1,B,ChassisFit,Dimensional,C,MassProduction,,M000030183,50.3,42.14
D000000298,2025-10-18,L0002504,P0031,S006,BodyLine-1,A,DimCheck,Dimensional,C,Pilot,,M000030219,35.98,41.46
D000000299,2025-10-18,L0002513,P0035,S005,BodyLine-2,B,Paint,Electrical,C,MassProduction,,,49.23,53.66
D000000300,2025-10-18,L0002514,P0030,S009,Final-1,A,FinalInspect,Noise/Vibration,C,MassProduction,,,154.29,29.36
D000000301,2025-10-19,L0002520,P0022,S012,ChassisLine-1,A,Torque,Dimensional,B,Prototype,EO003,M000030430,9.56,72.37
D000000302,2025-10-19,L0002525,P0007,S007,BodyLine-2,B,Weld-1,Fit/Finish,B,Prototype,,,131.43,53.92
D000000303,2025-10-20,L0002548,P0022,S012,ChassisLine-1,A,Torque,Fit/Finish,B,Pilot,EO003,,67.84,36.94
D000000304,2025-10-20,L0002554,P0028,S003,ChassisLine-1,B,DimCheck,Dimensional,A,MassProduction,,M000030934,70.8,81.27
D000000305,2025-10-21,L0002559,P0001,S001,TrimLine-1,B,ElectricalTest,Dimensional,A,MassProduction,,M000030987,150.83,64.28
D000000306,2025-10-21,L0002563,P0022,S012,ChassisLine-1,A,DimCheck,Assembly,B,MassProduction,EO003,,38.41,29.7
D000000307,2025-10-21,L0002576,P0027,S005,TrimLine-1,A,ElectricalTest,Dimensional,B,Prototype,EO003,M000031199,63.86,27.39
D000000308,2025-10-22,L0002585,P0003,S007,BodyLine-2,B,Weld-2,Noise/Vibration,A,Prototype,,,159.4,113.29
D000000309,2025-10-22,L0002585,P0003,S007,BodyLine-2,B,Weld-2,Fit/Finish,A,MassProduction,,,33.18,115.06
D000000310,2025-10-22,L0002604,P0006,S009,TrimLine-1,A,TrimInstall,Scratch,B,Prototype,EO003,,144.62,30.43
D000000311,2025-10-23,L0002617,P0011,S011,Final-1,B,FinalInspect,Dimensional,B,MassProduction,EO003,M000031696,38.62,10.6
D000000312,2025-10-23,L0002622,P0006,S009,Final-1,A,ElectricalTest,Dimensional,C,MassProduction,EO003,M000031739,24.88,26.21
D000000313,2025-10-23,L0002627,P0004,S006,Final-1,A,TrimInstall,Assembly,B,Pilot,EO003,,90.15,17.66
D000000314,2025-10-24,L0002635,P0027,S005,Final-1,B,TrimInstall,Dimensional,B,Prototype,EO003,M000031922,92.92,41.73
D000000315,2025-10-24,L0002641,P0018,S001,Final-1,B,FinalInspect,Electrical,C,MassProduction,,,12.68,68.01
D000000316,2025-10-25,L0002651,P0027,S005,Final-1,A,FinalInspect,Scratch,B,MassProduction,EO003,,7.28,67.86
D000000317,2025-10-25,L0002656,P0036,S003,ChassisLine-1,B,ChassisFit,Weld,C,MassProduction,,,14.57,4.12
D000000318,2025-10-25,L0002663,P0028,S003,ChassisLine-1,A,Torque,Scratch,C,Pilot,,,130.39,12.67
D000000319,2025-10-25,L0002665,P0005,S001,BodyLine-2,B,DimCheck,Weld,B,MassProduction,,,24.57,16.15
D000000320,2025-10-25,L0002666,P0025,S010,TrimLine-1,B,TrimInstall,Dimensional,C,MassProduction,,M000032309,150.37,24.8
D000000321,2025-10-26,L0002690,P0022,S012,ChassisLine-1,A,DimCheck,Noise/Vibration,B,MassProduction,EO003,,104.54,17.2
D000000322,2025-10-27,L0002694,P0016,S007,BodyLine-1,B,Paint,Scratch,C,MassProduction,EO003,,107.76,17.75
D000000323,2025-10-27,L0002710,P0025,S010,Final-1,C,ElectricalTest,Assembly,B,MassProduction,,,33.77,41.64
D000000324,2025-10-28,L0002722,P0018,S001,TrimLine-1,A,FinalInspect,Dimensional,B,MassProduction,,M000032959,81.31,8.83
D000000325,2025-10-28,L0002736,P0016,S007,BodyLine-2,B,Weld-1,Noise/Vibration,C,Pilot,,,47.13,53.41
D000000326,2025-10-28,L0002738,P0028,S003,ChassisLine-1,B,Torque,Scratch,B,Pilot,,,86.15,64.98
D000000327,2025-10-29,L0002751,P0001,S001,Final-1,B,ElectricalTest,Dimensional,B,MassProduction,,M000033315,36.4,55.18
D000000328,2025-10-29,L0002758,P0002,S010,Final-1,B,TrimInstall,Fit/Finish,B,MassProduction,,,70.77,14.21
D000000329,2025-10-29,L0002766,P0027,S005,Final-1,A,TrimInstall,Dimensional,C,MassProduction,,M000033469,143.84,14.97
D000000330,2025-10-31,L0002794,P0005,S001,BodyLine-2,C,DimCheck,Scratch,B,Pilot,,,72.26,18.23
D000000331,2025-11-01,L0002812,P0012,S001,Final-1,A,FinalInspect,Noise/Vibration,B,MassProduction,,,100.26,123.07
D000000332,2025-11-01,L0002819,P0036,S003,ChassisLine-1,B,DimCheck,Noise/Vibration,B,MassProduction,,,31.6,30.19
D000000333,2025-11-01,L0002819,P0036,S003,ChassisLine-1,B,Torque,Weld,C,MassProduction,,,71.27,108.52
D000000334,2025-11-02,L0002837,P0003,S007,BodyLine-2,B,Paint,Weld,B,MassProduction,,,97.99,25.96
D000000335,2025-11-02,L0002852,P0014,S003,TrimLine-1,A,FinalInspect,Electrical,C,MassProduction,,,132.64,11.06
D000000336,2025-11-03,L0002868,P0012,S001,TrimLine-1,B,FinalInspect,Weld,B,MassProduction,,,122.42,20.8
D000000337,2025-11-03,L0002872,P0009,S011,BodyLine-2,A,Weld-1,Weld,B,Pilot,,,60.31,21.48
D000000338,2025-11-04,L0002883,P0022,S012,ChassisLine-1,B,DimCheck,Noise/Vibration,C,Pilot,,,162.66,63.91
D000000339,2025-11-04,L0002893,P0001,S001,Final-1,B,TrimInstall,Electrical,B,MassProduction,,,139.58,76.72
D000000340,2025-11-04,L0002893,P0001,S001,Final-1,B,ElectricalTest,Dimensional,B,MassProduction,,M000035071,44.98,74.78
D000000341,2025-11-04,L0002895,P0021,S001,ChassisLine-1,B,ChassisFit,Assembly,B,MassProduction,EO004,,87.85,41.69
D000000342,2025-11-04,L0002901,P0015,S008,ChassisLine-1,A,ChassisFit,Dimensional,C,MassProduction,EO004,M000035156,53.98,21.93
D000000343,2025-11-04,L0002902,P0017,S001,ChassisLine-1,A,DimCheck,Weld,C,MassProduction,,,112.64,3.06
D000000344,2025-11-04,L0002904,P0026,S012,BodyLine-2,A,Weld-2,Weld,C,Pilot,,,85.83,47.95
D000000345,2025-11-05,L0002906,P0013,S007,ChassisLine-1,B,ChassisFit,Dimensional,B,MassProduction,EO004,M000035242,60.58,64.23
D000000346,2025-11-05,L0002910,P0036,S003,ChassisLine-1,B,ChassisFit,Weld,A,MassProduction,,,21.49,62.9
D000000347,2025-11-05,L0002912,P0017,S001,ChassisLine-1,C,Torque,Assembly,B,MassProduction,,,196.0,3.64
D000000348,2025-11-05,L0002917,P0033,S001,BodyLine-2,A,Weld-1,Dimensional,C,MassProduction,EO004,M000035388,116.54,63.07
D000000349,2025-11-05,L0002918,P0015,S008,ChassisLine-1,C,Torque,Dimensional,B,Pilot,EO004,M000035413,118.56,48.14
D000000350,2025-11-05,L0002925,P0031,S006,BodyLine-1,B,DimCheck,Assembly,B,MassProduction,EO004,,32.84,72.56
D000000351,2025-11-06,L0002939,P0015,S008,ChassisLine-1,A,Torque,Assembly,A,Prototype,EO004,,9.67,144.61
D000000352,2025-11-06,L0002939,P0015,S008,ChassisLine-1,A,Torque,Dimensional,A,Prototype,EO004,M000035679,125.95,23.72
D000000353,2025-11-06,L0002950,P0019,S006,BodyLine-2,A,Weld-2,Weld,A,MassProduction,,,226.65,27.15
D000000354,2025-11-07,L0002953,P0031,S006,BodyLine-2,C,DimCheck,Assembly,A,MassProduction,EO004,,69.44,49.76
D000000355,2025-11-07,L0002966,P0026,S012,BodyLine-2,A,Weld-1,Scratch,B,MassProduction,,,265.84,12.23
D000000356,2025-11-08,L0002977,P0017,S001,ChassisLine-1,B,DimCheck,Weld,B,MassProduction,,,54.05,13.46
D000000357,2025-11-08,L0002978,P0002,S010,Final-1,A,ElectricalTest,Weld,B,MassProduction,,,84.74,15.36
D000000358,2025-11-08,L0002982,P0019,S006,BodyLine-2,B,Paint,Dimensional,C,MassProduction,,M000036213,91.24,27.87
D000000359,2025-11-08,L0002987,P0036,S003,ChassisLine-1,A,ChassisFit,Fit/Finish,B,Pilot,,,36.47,25.46
D000000360,2025-11-08,L0002988,P0032,S005,ChassisLine-1,C,DimCheck,Scratch,A,Pilot,,,378.92,6.14
D000000361,2025-11-08,L0002989,P0003,S007,BodyLine-1,B,Weld-2,Dimensional,B,MassProduction,EO004,M000036314,106.98,16.29
D000000362,2025-11-08,L0002997,P0013,S007,ChassisLine-1,B,Torque,Weld,B,Pilot,EO004,,58.04,10.2
D000000363,2025-11-09,L0003015,P0021,S001,ChassisLine-1,B,Torque,Fit/Finish,C,Pilot,EO004,,29.0,49.42
D000000364,2025-11-10,L0003027,P0014,S003,TrimLine-1,B,TrimInstall,Dimensional,C,Pilot,,M000036789,30.55,54.66
D000000365,2025-11-10,L0003040,P0013,S007,ChassisLine-1,C,DimCheck,Dimensional,B,MassProduction,EO004,M000036931,31.1,17.58
D000000366,2025-11-10,L0003041,P0021,S001,ChassisLine-1,C,Torque,Dimensional,B,MassProduction,EO004,M000036953,88.66,59.22
D000000367,2025-11-11,L0003061,P0031,S006,BodyLine-1,B,DimCheck,Assembly,C,Prototype,EO004,,156.37,33.6
D000000368,2025-11-11,L0003063,P0032,S005,ChassisLine-1,B,DimCheck,Assembly,C,MassProduction,,,11.23,100.81
D000000369,2025-11-11,L0003066,P0025,S010,Final-1,A,TrimInstall,Scratch,B,MassProduction,,,115.54,37.26
D000000370,2025-11-11,L0003070,P0018,S001,Final-1,B,ElectricalTest,Scratch,B,MassProduction,,,60.99,51.86
D000000371,2025-11-11,L0003071,P0035,S005,BodyLine-2,C,Paint,Scratch,C,MassProduction,,,171.77,58.43
D000000372,2025-11-12,L0003088,P0014,S003,Final-1,A,FinalInspect,Dimensional,B,MassProduction,,M000037529,61.85,45.58
D000000373,2025-11-12,L0003089,P0015,S008,ChassisLine-1,C,ChassisFit,Scratch,A,Pilot,EO004,,37.1,48.66
D000000374,2025-11-12,L0003093,P0031,S006,BodyLine-1,B,Weld-1,Dimensional,C,Prototype,EO004,M000037600,111.96,12.76
D000000375,2025-11-13,L0003094,P0033,S001,BodyLine-2,B,Weld-1,Dimensional,B,MassProduction,EO004,M000037606,73.45,40.61
D000000376,2025-11-13,L0003107,P0015,S008,ChassisLine-1,B,DimCheck,Scratch,B,Pilot,EO004,,91.56,47.39
D000000377,2025-11-13,L0003113,P0001,S001,Final-1,B,TrimInstall,Dimensional,A,MassProduction,,M000037839,226.87,19.16
D000000378,2025-11-14,L0003121,P0009,S011,BodyLine-2,B,Weld-1,Scratch,B,MassProduction,,,36.3,52.33
D000000379,2025-11-14,L0003123,P0015,S008,ChassisLine-1,A,DimCheck,Dimensional,B,MassProduction,,M000037958,41.92,8.01
D000000380,2025-11-14,L0003134,P0024,S002,Final-1,A,ElectricalTest,Scratch,B,Pilot,,,326.29,37.37
D000000381,2025-11-14,L0003137,P0016,S007,BodyLine-1,B,Paint,Electrical,B,MassProduction,,,97.0,7.23
D000000382,2025-11-15,L0003139,P0028,S003,ChassisLine-1,A,Torque,Assembly,B,MassProduction,,,25.56,23.22
D000000383,2025-11-15,L0003141,P0002,S010,Final-1,C,ElectricalTest,Dimensional,B,Prototype,,M000038182,34.06,76.87
D000000384,2025-11-15,L0003142,P0017,S001,ChassisLine-1,A,DimCheck,Scratch,B,MassProduction,,,41.23,25.81
D000000385,2025-11-15,L0003142,P0017,S001,ChassisLine-1,A,ChassisFit,Noise/Vibration,C,Pilot,,,49.89,126.61
D000000386,2025-11-15,L0003146,P0014,S003,TrimLine-1,B,TrimInstall,Assembly,C,Pilot,,,12.08,49.99
D000000387,2025-11-15,L0003149,P0031,S006,BodyLine-2,B,Paint,Noise/Vibration,C,MassProduction,,,76.66,11.19
D000000388,2025-11-16,L0003159,P0010,S005,BodyLine-1,B,Weld-2,Assembly,C,MassProduction,,,123.98,16.26
D000000389,2025-11-16,L0003161,P0027,S005,Final-1,A,ElectricalTest,Fit/Finish,C,Pilot,,,89.16,7.43
D000000390,2025-11-16,L0003175,P0018,S001,TrimLine-1,B,TrimInstall,Weld,C,Pilot,,,72.58,45.44
D000000391,2025-11-17,L0003193,P0001,S001,Final-1,B,TrimInstall,Assembly,A,MassProduction,,,490.3,73.98
D000000392,2025-11-17,L0003196,P0028,S003,ChassisLine-1,A,Torque,Dimensional,B,Prototype,,M000038799,137.63,6.03
D000000393,2025-11-17,L0003207,P0036,S003,ChassisLine-1,A,Torque,Dimensional,C,Prototype,,M000038948,147.54,17.13
D000000394,2025-11-18,L0003212,P0009,S011,BodyLine-2,A,DimCheck,Noise/Vibration,C,MassProduction,,,76.99,24.42
D000000395,2025-11-18,L0003215,P0033,S001,BodyLine-1,A,Paint,Scratch,B,MassProduction,,,44.34,34.17
D000000396,2025-11-18,L0003226,P0028,S003,ChassisLine-1,B,ChassisFit,Dimensional,B,Prototype,,M000039161,86.91,55.28
D000000397,2025-11-19,L0003231,P0032,S005,ChassisLine-1,B,DimCheck,Dimensional,B,Prototype,,M000039226,48.38,19.0
D000000398,2025-11-19,L0003249,P0002,S010,Final-1,B,ElectricalTest,Noise/Vibration,C,MassProduction,,,16.06,25.09
D000000399,2025-11-19,L0003251,P0036,S003,ChassisLine-1,B,DimCheck,Electrical,B,MassProduction,,,26.0,20.73
D000000400,2025-11-20,L0003253,P0025,S010,TrimLine-1,C,TrimInstall,Electrical,B,MassProduction,,,108.18,35.48
D000000401,2025-11-20,L0003253,P0025,S010,TrimLine-1,C,TrimInstall,Scratch,B,Pilot,,,82.15,27.68
D000000402,2025-11-20,L0003260,P0028,S003,ChassisLine-1,B,ChassisFit,Noise/Vibration,B,MassProduction,,,195.49,39.09
D000000403,2025-11-21,L0003295,P0018,S001,TrimLine-1,A,ElectricalTest,Dimensional,B,MassProduction,,M000039952,70.26,17.79
D000000404,2025-11-22,L0003314,P0008,S007,ChassisLine-1,A,DimCheck,Weld,C,MassProduction,,,78.73,22.58
D000000405,2025-11-23,L0003318,P0013,S007,ChassisLine-1,A,Torque,Assembly,B,MassProduction,EO005,,98.8,67.01
D000000406,2025-11-23,L0003325,P0020,S006,ChassisLine-1,A,Torque,Dimensional,B,Pilot,EO005,M000040322,50.59,4.51
D000000407,2025-11-23,L0003326,P0015,S008,ChassisLine-1,B,ChassisFit,Scratch,B,MassProduction,,,62.62,119.19
D000000408,2025-11-23,L0003331,P0003,S007,BodyLine-1,B,Weld-1,Dimensional,B,MassProduction,EO005,M000040405,68.13,21.88
D000000409,2025-11-23,L0003337,P0029,S008,TrimLine-1,B,ElectricalTest,Dimensional,A,MassProduction,,M000040474,118.44,23.9
D000000410,2025-11-24,L0003342,P0005,S001,BodyLine-2,B,Weld-1,Noise/Vibration,B,MassProduction,,,102.08,17.16
D000000411,2025-11-24,L0003346,P0028,S003,ChassisLine-1,A,ChassisFit,Weld,C,Prototype,,,32.16,31.63
D000000412,2025-11-24,L0003353,P0013,S007,ChassisLine-1,A,DimCheck,Dimensional,C,Prototype,EO005,M000040661,145.06,34.27
D000000413,2025-11-24,L0003354,P0032,S005,ChassisLine-1,C,ChassisFit,Dimensional,C,Pilot,EO005,M000040676,195.38,8.52
D000000414,2025-11-25,L0003364,P0025,S010,Final-1,C,TrimInstall,Assembly,C,MassProduction,,,52.56,52.08
D000000415,2025-11-25,L0003366,P0032,S005,ChassisLine-1,A,ChassisFit,Weld,B,MassProduction,EO005,,172.05,26.3
D000000416,2025-11-25,L0003369,P0026,S012,BodyLine-2,C,DimCheck,Scratch,B,Pilot,,,119.37,50.51
D000000417,2025-11-25,L0003371,P0003,S007,BodyLine-1,A,Weld-2,Scratch,A,MassProduction,EO005,,101.59,19.15
D000000418,2025-11-25,L0003375,P0015,S008,ChassisLine-1,B,Torque,Weld,C,MassProduction,,,81.55,15.31
D000000419,2025-11-25,L0003381,P0001,S001,Final-1,B,TrimInstall,Dimensional,B,MassProduction,,M000041002,84.21,29.0
D000000420,2025-11-25,L0003385,P0028,S003,ChassisLine-1,C,Torque,Noise/Vibration,C,MassProduction,,,38.86,8.67
D000000421,2025-11-26,L0003386,P0011,S011,TrimLine-1,B,TrimInstall,Weld,B,MassProduction,,,189.61,63.14
D000000422,2025-11-26,L0003396,P0036,S003,ChassisLine-1,C,DimCheck,Weld,B,MassProduction,,,95.0,4.65
D000000423,2025-11-26,L0003412,P0015,S008,ChassisLine-1,A,ChassisFit,Dimensional,B,MassProduction,,M000041399,176.12,22.27
D000000424,2025-11-27,L0003414,P0012,S001,Final-1,A,TrimInstall,Dimensional,A,Prototype,EO005,M000041435,183.21,132.55
D000000425,2025-11-27,L0003418,P0007,S007,BodyLine-1,B,Weld-1,Weld,C,MassProduction,,,29.45,114.84
D000000426,2025-11-28,L0003433,P0003,S007,BodyLine-1,A,Weld-1,Dimensional,C,Prototype,EO005,M000041629,27.08,10.92
D000000427,2025-11-28,L0003449,P0031,S006,BodyLine-1,B,DimCheck,Assembly,B,Prototype,,,31.86,23.12
D000000428,2025-11-28,L0003452,P0021,S001,ChassisLine-1,B,DimCheck,Scratch,B,MassProduction,,,118.46,10.09
D000000429,2025-11-28,L0003453,P0025,S010,Final-1,C,FinalInspect,Noise/Vibration,C,MassProduction,,,51.8,41.8
D000000430,2025-11-29,L0003466,P0020,S006,ChassisLine-1,B,ChassisFit,Fit/Finish,C,Pilot,EO005,,29.49,34.88
D000000431,2025-11-29,L0003469,P0001,S001,Final-1,A,FinalInspect,Scratch,C,Pilot,,,36.46,31.78
D000000432,2025-11-29,L0003473,P0022,S012,ChassisLine-1,A,Torque,Fit/Finish,B,MassProduction,,,38.86,11.05
D000000433,2025-11-29,L0003479,P0032,S005,ChassisLine-1,A,Torque,Fit/Finish,B,MassProduction,EO005,,136.92,4.17
D000000434,2025-11-29,L0003481,P0027,S005,Final-1,A,FinalInspect,Electrical,C,MassProduction,,,158.04,22.02
D000000435,2025-11-30,L0003507,P0018,S001,Final-1,C,ElectricalTest,Weld,C,MassProduction,,,36.68,19.95
D000000436,2025-11-30,L0003509,P0001,S001,Final-1,B,ElectricalTest,Assembly,C,MassProduction,,,101.03,40.46
D000000437,2025-11-30,L0003510,P0003,S007,BodyLine-1,C,Weld-2,Noise/Vibration,B,Pilot,EO005,,136.49,27.98
D000000438,2025-12-01,L0003522,P0013,S007,ChassisLine-1,A,ChassisFit,Electrical,B,MassProduction,EO005,,156.11,50.58
D000000439,2025-12-01,L0003525,P0028,S003,ChassisLine-1,B,Torque,Assembly,B,Pilot,,,50.4,12.44
D000000440,2025-12-01,L0003529,P0015,S008,ChassisLine-1,C,ChassisFit,Noise/Vibration,A,MassProduction,,,59.35,154.51
D000000441,2025-12-02,L0003534,P0023,S004,Final-1,B,TrimInstall,Dimensional,C,MassProduction,,M000042841,18.36,15.18
D000000442,2025-12-02,L0003538,P0007,S007,BodyLine-2,C,DimCheck,Noise/Vibration,B,MassProduction,,,21.46,31.69
D000000443,2025-12-02,L0003539,P0014,S003,Final-1,A,ElectricalTest,Assembly,B,MassProduction,,,78.94,25.49
D000000444,2025-12-02,L0003552,P0026,S012,BodyLine-2,A,Paint,Assembly,C,Prototype,,,80.63,33.34
D000000445,2025-12-03,L0003553,P0033,S001,BodyLine-2,C,DimCheck,Noise/Vibration,B,Pilot,,,14.97,30.2
D000000446,2025-12-03,L0003553,P0033,S001,BodyLine-2,C,Weld-2,Noise/Vibration,B,MassProduction,,,187.6,120.54
D000000447,2025-12-03,L0003560,P0013,S007,ChassisLine-1,C,ChassisFit,Assembly,B,Pilot,EO005,,30.36,49.65
D000000448,2025-12-04,L0003577,P0025,S010,TrimLine-1,A,ElectricalTest,Assembly,B,MassProduction,,,75.23,123.66
D000000449,2025-12-04,L0003578,P0001,S001,Final-1,B,TrimInstall,Electrical,B,MassProduction,,,82.0,171.76
D000000450,2025-12-04,L0003579,P0020,S006,ChassisLine-1,B,ChassisFit,Assembly,C,MassProduction,EO005,,58.27,7.41
D000000451,2025-12-04,L0003581,P0003,S007,BodyLine-1,A,Paint,Noise/Vibration,A,MassProduction,EO005,,94.36,34.32
D000000452,2025-12-05,L0003605,P0001,S001,TrimLine-1,A,TrimInstall,Dimensional,B,MassProduction,,M000043635,67.19,115.45
D000000453,2025-12-06,L0003624,P0032,S005,ChassisLine-1,C,ChassisFit,Dimensional,B,MassProduction,EO005,M000043866,121.83,17.5
D000000454,2025-12-06,L0003627,P0013,S007,ChassisLine-1,B,ChassisFit,Assembly,B,Prototype,EO005,,127.85,32.56
D000000455,2025-12-07,L0003634,P0007,S007,BodyLine-1,B,DimCheck,Weld,B,MassProduction,,,43.16,37.68
D000000456,2025-12-07,L0003644,P0036,S003,ChassisLine-1,B,Torque,Electrical,B,MassProduction,,,142.26,95.68
D000000457,2025-12-07,L0003648,P0001,S001,Final-1,A,FinalInspect,Dimensional,B,MassProduction,,M000044156,94.24,63.02
D000000458,2025-12-08,L0003651,P0018,S001,Final-1,C,TrimInstall,Dimensional,C,MassProduction,,M000044191,88.27,24.07
D000000459,2025-12-08,L0003654,P0012,S001,Final-1,A,FinalInspect,Noise/Vibration,B,MassProduction,EO005,,47.03,7.92
D000000460,2025-12-08,L0003671,P0027,S005,Final-1,B,FinalInspect,Assembly,C,MassProduction,,,69.15,5.54
D000000461,2025-12-09,L0003676,P0029,S008,Final-1,C,FinalInspect,Fit/Finish,C,MassProduction,,,76.6,29.96
D000000462,2025-12-09,L0003687,P0005,S001,BodyLine-1,A,Weld-1,Assembly,B,MassProduction,,,13.85,12.85
D000000463,2025-12-09,L0003689,P0017,S001,ChassisLine-1,B,DimCheck,Noise/Vibration,C,MassProduction,,,115.77,54.86
D000000464,2025-12-09,L0003693,P0018,S001,TrimLine-1,C,ElectricalTest,Assembly,B,Pilot,,,68.4,37.4
D000000465,2025-12-09,L0003696,P0028,S003,ChassisLine-1,A,DimCheck,Dimensional,B,MassProduction,,M000044757,50.22,4.56
D000000466,2025-12-10,L0003703,P0005,S001,BodyLine-1,C,DimCheck,Scratch,A,Pilot,,,210.67,29.65
D000000467,2025-12-10,L0003720,P0012,S001,TrimLine-1,B,FinalInspect,Weld,B,MassProduction,EO005,,96.36,62.41
D000000468,2025-12-10,L0003722,P0018,S001,TrimLine-1,A,ElectricalTest,Dimensional,C,MassProduction,,M000045109,29.73,28.56
D000000469,2025-12-10,L0003722,P0018,S001,TrimLine-1,A,ElectricalTest,Dimensional,B,Prototype,,M000045106,72.33,26.27
D000000470,2025-12-11,L0003732,P0012,S001,Final-1,C,ElectricalTest,Electrical,C,Pilot,EO005,,110.12,15.1
D000000471,2025-12-11,L0003734,P0036,S003,ChassisLine-1,B,Torque,Noise/Vibration,B,MassProduction,,,154.35,34.59
D000000472,2025-12-12,L0003760,P0032,S005,ChassisLine-1,A,DimCheck,Noise/Vibration,C,MassProduction,EO005,,62.13,37.95
D000000473,2025-12-12,L0003763,P0011,S011,TrimLine-1,B,FinalInspect,Fit/Finish,B,Prototype,,,273.06,69.47
D000000474,2025-12-12,L0003766,P0025,S010,TrimLine-1,B,ElectricalTest,Weld,C,Pilot,,,119.94,30.02
D000000475,2025-12-12,L0003767,P0017,S001,ChassisLine-1,C,Torque,Assembly,B,MassProduction,,,97.66,3.18
D000000476,2025-12-13,L0003772,P0013,S007,ChassisLine-1,B,ChassisFit,Assembly,B,MassProduction,EO005,,280.23,18.49
D000000477,2025-12-13,L0003776,P0025,S010,Final-1,A,TrimInstall,Fit/Finish,B,MassProduction,,,100.24,31.95
D000000478,2025-12-13,L0003779,P0028,S003,ChassisLine-1,C,DimCheck,Scratch,A,Pilot,EO006,,55.06,69.14
D000000479,2025-12-13,L0003781,P0020,S006,ChassisLine-1,C,ChassisFit,Weld,C,Pilot,EO005,,19.62,59.82
D000000480,2025-12-13,L0003789,P0024,S002,TrimLine-1,C,TrimInstall,Dimensional,C,Prototype,EO006,M000045965,36.5,92.04
D000000481,2025-12-14,L0003791,P0015,S008,ChassisLine-1,A,DimCheck,Scratch,C,Prototype,,,5.32,31.45
D000000482,2025-12-14,L0003793,P0005,S001,BodyLine-1,A,DimCheck,Scratch,B,MassProduction,,,91.15,21.46
D000000483,2025-12-14,L0003794,P0012,S001,TrimLine-1,A,ElectricalTest,Dimensional,C,MassProduction,EO005,M000046015,16.34,21.72
D000000484,2025-12-14,L0003805,P0036,S003,ChassisLine-1,B,DimCheck,Assembly,C,MassProduction,EO006,,123.96,27.61
D000000485,2025-12-14,L0003806,P0028,S003,ChassisLine-1,B,ChassisFit,Dimensional,B,Pilot,EO006,M000046158,33.47,11.31
D000000486,2025-12-15,L0003822,P0031,S006,BodyLine-1,B,Paint,Weld,C,MassProduction,,,180.04,40.78
D000000487,2025-12-15,L0003826,P0032,S005,ChassisLine-1,A,DimCheck,Dimensional,C,MassProduction,,M000046410,87.27,40.18
D000000488,2025-12-15,L0003831,P0024,S002,Final-1,B,ElectricalTest,Scratch,B,MassProduction,EO006,,94.98,27.12
D000000489,2025-12-16,L0003838,P0024,S002,Final-1,B,TrimInstall,Weld,C,Prototype,EO006,,117.95,83.69
D000000490,2025-12-17,L0003852,P0001,S001,TrimLine-1,B,FinalInspect,Weld,B,Pilot,,,231.16,10.18
D000000491,2025-12-17,L0003859,P0020,S006,ChassisLine-1,C,DimCheck,Scratch,B,MassProduction,EO006,,202.93,9.95
D000000492,2025-12-17,L0003864,P0024,S002,Final-1,C,FinalInspect,Dimensional,C,Pilot,EO006,M000046882,110.71,14.41
D000000493,2025-12-18,L0003879,P0009,S011,BodyLine-1,C,Weld-2,Dimensional,A,MassProduction,,M000047075,35.76,68.18
D000000494,2025-12-18,L0003880,P0016,S007,BodyLine-1,A,Paint,Noise/Vibration,B,MassProduction,,,90.73,80.27
D000000495,2025-12-18,L0003882,P0007,S007,BodyLine-1,B,Weld-2,Electrical,B,MassProduction,,,130.88,13.11
D000000496,2025-12-19,L0003906,P0023,S004,TrimLine-1,C,TrimInstall,Fit/Finish,B,Pilot,,,209.05,47.11
D000000497,2025-12-19,L0003908,P0018,S001,TrimLine-1,B,TrimInstall,Scratch,B,MassProduction,,,88.84,1.75
D000000498,2025-12-19,L0003908,P0018,S001,TrimLine-1,B,TrimInstall,Noise/Vibration,B,Prototype,,,64.95,7.7
D000000499,2025-12-19,L0003908,P0018,S001,TrimLine-1,B,TrimInstall,Dimensional,A,MassProduction,,M000047407,163.3,125.48
D000000500,2025-12-19,L0003912,P0036,S003,ChassisLine-1,A,ChassisFit,Scratch,C,Prototype,EO006,,76.35,9.01
D000000501,2025-12-19,L0003918,P0024,S002,TrimLine-1,B,FinalInspect,Electrical,B,MassProduction,EO006,,27.47,18.57
D000000502,2025-12-20,L0003933,P0036,S003,ChassisLine-1,B,ChassisFit,Dimensional,B,Pilot,EO006,M000047697,245.63,23.06
D000000503,2025-12-20,L0003935,P0001,S001,TrimLine-1,C,TrimInstall,Dimensional,C,MassProduction,,M000047712,50.23,3.69
D000000504,2025-12-20,L0003938,P0028,S003,ChassisLine-1,A,Torque,Dimensional,C,MassProduction,EO006,M000047744,87.47,46.39
D000000505,2025-12-21,L0003954,P0014,S003,TrimLine-1,A,TrimInstall,Weld,A,MassProduction,,,164.62,47.72
D000000506,2025-12-21,L0003957,P0002,S010,TrimLine-1,A,ElectricalTest,Scratch,B,MassProduction,,,77.0,30.48
D000000507,2025-12-21,L0003959,P0025,S010,Final-1,B,FinalInspect,Assembly,C,MassProduction,,,171.55,42.31
D000000508,2025-12-21,L0003959,P0025,S010,Final-1,B,FinalInspect,Fit/Finish,A,MassProduction,,,100.57,209.03
D000000509,2025-12-21,L0003968,P0015,S008,ChassisLine-1,A,DimCheck,Noise/Vibration,B,Pilot,,,94.11,16.15
D000000510,2025-12-22,L0003976,P0018,S001,Final-1,B,FinalInspect,Electrical,B,MassProduction,,,144.45,48.78
D000000511,2025-12-22,L0003982,P0032,S005,ChassisLine-1,A,ChassisFit,Dimensional,B,MassProduction,,M000048290,14.68,45.62
D000000512,2025-12-22,L0003987,P0002,S010,TrimLine-1,B,TrimInstall,Noise/Vibration,B,MassProduction,,,34.4,17.74
D000000513,2025-12-22,L0003989,P0015,S008,ChassisLine-1,A,DimCheck,Dimensional,B,MassProduction,,M000048361,124.36,2.38
D000000514,2025-12-22,L0003990,P0036,S003,ChassisLine-1,B,ChassisFit,Dimensional,C,Prototype,EO006,M000048376,81.72,34.6
D000000515,2025-12-22,L0003990,P0036,S003,ChassisLine-1,B,ChassisFit,Fit/Finish,B,MassProduction,EO006,,8.89,17.49
D000000516,2025-12-22,L0003991,P0028,S003,ChassisLine-1,B,DimCheck,Weld,C,Pilot,EO006,,42.53,17.0
D000000517,2025-12-23,L0003994,P0002,S010,Final-1,B,TrimInstall,Scratch,B,MassProduction,,,120.85,9.97
D000000518,2025-12-23,L0004003,P0036,S003,ChassisLine-1,B,ChassisFit,Noise/Vibration,B,MassProduction,EO006,,54.76,55.63
D000000519,2025-12-23,L0004005,P0014,S003,TrimLine-1,C,FinalInspect,Noise/Vibration,C,MassProduction,,,33.31,75.26
D000000520,2025-12-23,L0004018,P0020,S006,ChassisLine-1,B,ChassisFit,Electrical,C,Pilot,EO006,,80.5,32.82
D000000521,2025-12-24,L0004031,P0007,S007,BodyLine-1,B,Paint,Assembly,B,MassProduction,,,153.37,19.43
D000000522,2025-12-24,L0004042,P0017,S001,ChassisLine-1,B,Torque,Noise/Vibration,B,MassProduction,,,110.63,17.99
D000000523,2025-12-25,L0004048,P0032,S005,ChassisLine-1,A,Torque,Scratch,B,MassProduction,,,145.16,23.49
D000000524,2025-12-25,L0004052,P0016,S007,BodyLine-1,A,Paint,Fit/Finish,B,Prototype,,,147.63,73.67
D000000525,2025-12-25,L0004057,P0001,S001,TrimLine-1,B,FinalInspect,Dimensional,B,Pilot,,M000049199,103.15,17.55
D000000526,2025-12-25,L0004059,P0036,S003,ChassisLine-1,B,ChassisFit,Assembly,B,MassProduction,EO006,,74.84,28.08
D000000527,2025-12-25,L0004062,P0002,S010,TrimLine-1,B,ElectricalTest,Electrical,A,MassProduction,,,221.33,59.09
D000000528,2025-12-28,L0004122,P0036,S003,ChassisLine-1,C,ChassisFit,Dimensional,C,Prototype,EO006,M000049960,22.55,38.71
D000000529,2025-12-28,L0004122,P0036,S003,ChassisLine-1,C,DimCheck,Dimensional,A,Prototype,EO006,M000049956,155.46,54.65
D000000530,2025-12-28,L0004126,P0006,S009,Final-1,A,ElectricalTest,Scratch,A,MassProduction,,,517.91,36.51
D000000531,2025-12-30,L0004153,P0001,S001,Final-1,B,TrimInstall,Weld,C,MassProduction,,,198.17,33.91
D000000532,2025-12-30,L0004171,P0002,S010,Final-1,B,ElectricalTest,Dimensional,B,MassProduction,,M000050591,100.86,41.98
D000000533,2025-12-31,L0004174,P0028,S003,ChassisLine-1,A,Torque,Weld,B,Pilot,,,101.12,10.42
D000000534,2025-12-31,L0004183,P0016,S007,BodyLine-1,A,Weld-1,Fit/Finish,B,Prototype,,,36.0,40.14
D000000535,2026-01-01,L0004197,P0025,S010,Final-1,A,TrimInstall,Electrical,C,MassProduction,,,87.93,6.04
D000000536,2026-01-01,L0004198,P0027,S005,Final-1,A,TrimInstall,Dimensional,B,Pilot,,M000050933,194.13,17.37
D000000537,2026-01-01,L0004206,P0001,S001,TrimLine-1,B,ElectricalTest,Dimensional,B,MassProduction,,M000051046,164.18,55.18
D000000538,2026-01-02,L0004232,P0025,S010,TrimLine-1,C,TrimInstall,Assembly,C,MassProduction,,,73.7,62.38
D000000539,2026-01-02,L0004242,P0027,S005,Final-1,A,ElectricalTest,Weld,C,Pilot,,,163.23,54.0
D000000540,2026-01-03,L0004247,P0023,S004,TrimLine-1,C,FinalInspect,Assembly,A,MassProduction,,,39.82,107.53
D000000541,2026-01-03,L0004249,P0015,S008,ChassisLine-1,B,Torque,Assembly,B,MassProduction,,,72.2,51.57
D000000542,2026-01-03,L0004252,P0016,S007,BodyLine-2,B,Paint,Scratch,B,MassProduction,,,99.02,23.42
D000000543,2026-01-03,L0004255,P0005,S001,BodyLine-1,A,DimCheck,Weld,C,MassProduction,,,106.49,9.83
D000000544,2026-01-03,L0004266,P0018,S001,TrimLine-1,B,FinalInspect,Dimensional,C,MassProduction,,M000051747,134.48,16.1
D000000545,2026-01-04,L0004277,P0015,S008,ChassisLine-1,A,DimCheck,Fit/Finish,C,MassProduction,,,17.46,15.12
D000000546,2026-01-04,L0004281,P0017,S001,ChassisLine-1,B,DimCheck,Assembly,A,Pilot,,,51.4,95.98
D000000547,2026-01-05,L0004299,P0036,S003,ChassisLine-1,B,ChassisFit,Noise/Vibration,A,MassProduction,,,162.92,79.95
D000000548,2026-01-05,L0004303,P0008,S007,ChassisLine-1,B,Torque,Fit/Finish,A,MassProduction,,,257.13,67.14
D000000549,2026-01-05,L0004307,P0032,S005,ChassisLine-1,B,Torque,Dimensional,B,Prototype,,M000052281,59.19,25.67
D000000550,2026-01-06,L0004320,P0018,S001,TrimLine-1,C,ElectricalTest,Dimensional,B,Pilot,,M000052435,125.98,7.83
D000000551,2026-01-06,L0004321,P0028,S003,ChassisLine-1,B,ChassisFit,Scratch,C,MassProduction,,,74.84,138.61
D000000552,2026-01-06,L0004328,P0009,S011,BodyLine-1,B,Weld-1,Dimensional,B,Pilot,,M000052541,182.2,28.05
D000000553,2026-01-06,L0004335,P0031,S006,BodyLine-2,A,Weld-2,Fit/Finish,B,Pilot,,,32.22,43.23
D000000554,2026-01-06,L0004336,P0036,S003,ChassisLine-1,B,ChassisFit,Electrical,C,MassProduction,,,197.45,17.65
D000000555,2026-01-07,L0004355,P0005,S001,BodyLine-2,C,Weld-1,Assembly,B,MassProduction,,,38.79,54.53
D000000556,2026-01-07,L0004359,P0024,S002,TrimLine-1,B,ElectricalTest,Scratch,B,Pilot,,,53.96,15.54
D000000557,2026-01-08,L0004365,P0014,S003,TrimLine-1,C,FinalInspect,Weld,C,MassProduction,,,63.1,16.98
D000000558,2026-01-09,L0004392,P0002,S010,Final-1,B,ElectricalTest,Dimensional,A,Pilot,,M000053337,93.75,28.73
D000000559,2026-01-09,L0004395,P0013,S007,ChassisLine-1,A,ChassisFit,Fit/Finish,A,MassProduction,,,41.73,61.33
D000000560,2026-01-09,L0004398,P0024,S002,Final-1,A,FinalInspect,Assembly,B,MassProduction,,,45.15,21.91
D000000561,2026-01-09,L0004402,P0027,S005,Final-1,A,FinalInspect,Scratch,C,MassProduction,,,117.79,27.93
D000000562,2026-01-10,L0004417,P0001,S001,TrimLine-1,C,TrimInstall,Dimensional,A,Pilot,,M000053656,84.55,25.54
D000000563,2026-01-10,L0004418,P0008,S007,ChassisLine-1,B,ChassisFit,Scratch,C,Prototype,,,62.49,46.94
D000000564,2026-01-10,L0004426,P0002,S010,Final-1,A,TrimInstall,Fit/Finish,B,Pilot,,,26.22,67.58
D000000565,2026-01-10,L0004426,P0002,S010,Final-1,A,TrimInstall,Noise/Vibration,B,MassProduction,,,103.09,142.28
D000000566,2026-01-11,L0004443,P0001,S001,TrimLine-1,B,ElectricalTest,Weld,B,MassProduction,,,115.28,33.42
D000000567,2026-01-11,L0004452,P0008,S007,ChassisLine-1,B,DimCheck,Dimensional,B,MassProduction,,M000054090,18.6,40.88
D000000568,2026-01-12,L0004460,P0027,S005,TrimLine-1,A,ElectricalTest,Assembly,B,MassProduction,,,20.05,34.31
D000000569,2026-01-12,L0004468,P0002,S010,Final-1,A,FinalInspect,Noise/Vibration,B,MassProduction,,,52.07,16.56
D000000570,2026-01-13,L0004489,P0033,S001,BodyLine-2,B,Weld-2,Electrical,C,MassProduction,,,77.64,34.11
D000000571,2026-01-13,L0004495,P0032,S005,ChassisLine-1,B,Torque,Dimensional,A,MassProduction,,M000054580,83.38,48.47
D000000572,2026-01-14,L0004503,P0015,S008,ChassisLine-1,B,ChassisFit,Weld,B,MassProduction,,,127.59,35.6
D000000573,2026-01-14,L0004504,P0027,S005,TrimLine-1,B,FinalInspect,Weld,B,MassProduction,,,216.44,55.53
D000000574,2026-01-14,L0004513,P0029,S008,TrimLine-1,B,TrimInstall,Electrical,A,MassProduction,,,88.03,263.86
D000000575,2026-01-15,L0004523,P0028,S003,ChassisLine-1,A,Torque,Electrical,B,MassProduction,,,32.52,45.84
D000000576,2026-01-15,L0004531,P0018,S001,TrimLine-1,A,TrimInstall,Dimensional,B,MassProduction,,M000054966,41.56,62.52
D000000577,2026-01-15,L0004541,P0011,S011,Final-1,A,TrimInstall,Weld,C,Pilot,,,8.93,36.02
D000000578,2026-01-16,L0004545,P0001,S001,TrimLine-1,B,FinalInspect,Noise/Vibration,B,Pilot,,,182.55,17.23
D000000579,2026-01-16,L0004550,P0029,S008,Final-1,A,TrimInstall,Weld,B,Prototype,,,92.69,10.51
D000000580,2026-01-16,L0004552,P0032,S005,ChassisLine-1,A,DimCheck,Dimensional,B,MassProduction,,M000055237,139.15,11.44
D000000581,2026-01-16,L0004556,P0018,S001,TrimLine-1,A,FinalInspect,Dimensional,B,MassProduction,,M000055285,59.48,20.18
D000000582,2026-01-17,L0004566,P0011,S011,TrimLine-1,A,ElectricalTest,Dimensional,B,Pilot,,M000055393,7.12,49.0
D000000583,2026-01-17,L0004574,P0028,S003,ChassisLine-1,A,ChassisFit,Assembly,B,MassProduction,,,83.67,16.64
D000000584,2026-01-17,L0004577,P0001,S001,Final-1,B,ElectricalTest,Dimensional,B,MassProduction,,M000055536,24.34,26.38
D000000585,2026-01-18,L0004589,P0031,S006,BodyLine-2,B,Paint,Scratch,B,Prototype,,,62.45,34.82
D000000586,2026-01-18,L0004593,P0026,S012,BodyLine-1,B,Weld-1,Weld,C,Pilot,,,185.17,5.45
D000000587,2026-01-18,L0004599,P0032,S005,ChassisLine-1,A,Torque,Dimensional,B,MassProduction,,M000055798,84.25,64.41
D000000588,2026-01-18,L0004602,P0012,S001,Final-1,B,FinalInspect,Weld,B,MassProduction,,,26.76,23.04
D000000589,2026-01-18,L0004602,P0012,S001,Final-1,B,FinalInspect,Fit/Finish,B,MassProduction,,,127.07,10.25
D000000590,2026-01-18,L0004604,P0001,S001,TrimLine-1,A,ElectricalTest,Dimensional,C,Prototype,,M000055857,15.0,49.33
D000000591,2026-01-19,L0004611,P0023,S004,Final-1,B,ElectricalTest,Weld,B,Prototype,,,15.14,28.91
D000000592,2026-01-19,L0004624,P0018,S001,Final-1,B,TrimInstall,Scratch,B,MassProduction,,,109.58,29.81
D000000593,2026-01-19,L0004630,P0015,S008,ChassisLine-1,B,DimCheck,Dimensional,C,MassProduction,,M000056158,58.71,9.25
D000000594,2026-01-20,L0004649,P0019,S006,BodyLine-1,A,Weld-1,Weld,C,MassProduction,,,59.11,26.3
D000000595,2026-01-21,L0004662,P0007,S007,BodyLine-2,A,Paint,Electrical,B,MassProduction,,,81.81,18.72
D000000596,2026-01-22,L0004694,P0007,S007,BodyLine-1,C,Weld-1,Dimensional,C,MassProduction,,M000056975,149.39,44.61
D000000597,2026-01-23,L0004706,P0028,S003,ChassisLine-1,A,DimCheck,Assembly,B,MassProduction,,,143.21,43.14
D000000598,2026-01-24,L0004720,P0024,S002,TrimLine-1,B,ElectricalTest,Electrical,C,MassProduction,,,24.66,47.69
D000000599,2026-01-24,L0004726,P0012,S001,Final-1,B,FinalInspect,Noise/Vibration,B,Prototype,,,59.54,79.22
D000000600,2026-01-24,L0004729,P0026,S012,BodyLine-2,C,Weld-1,Assembly,C,MassProduction,,,61.33,23.64
D000000601,2026-01-24,L0004731,P0015,S008,ChassisLine-1,C,Torque,Noise/Vibration,B,MassProduction,,,32.84,24.75
D000000602,2026-01-24,L0004735,P0027,S005,Final-1,B,FinalInspect,Dimensional,C,Pilot,,M000057532,159.73,28.22
D000000603,2026-01-25,L0004747,P0009,S011,BodyLine-1,C,DimCheck,Scratch,C,MassProduction,,,71.67,29.14
D000000604,2026-01-25,L0004760,P0028,S003,ChassisLine-1,B,ChassisFit,Assembly,A,Pilot,,,143.25,167.68
D000000605,2026-01-25,L0004761,P0001,S001,TrimLine-1,C,ElectricalTest,Noise/Vibration,B,Pilot,,,27.92,26.97
D000000606,2026-01-25,L0004766,P0012,S001,TrimLine-1,A,TrimInstall,Dimensional,C,Prototype,,M000057923,132.32,15.13
D000000607,2026-01-26,L0004768,P0014,S003,Final-1,A,TrimInstall,Weld,C,MassProduction,,,39.28,14.01
D000000608,2026-01-27,L0004794,P0002,S010,TrimLine-1,B,FinalInspect,Assembly,C,Pilot,,,155.43,46.92
D000000609,2026-01-27,L0004797,P0001,S001,TrimLine-1,B,ElectricalTest,Dimensional,C,MassProduction,,M000058309,148.57,52.77
D000000610,2026-01-27,L0004805,P0007,S007,BodyLine-1,B,Paint,Electrical,B,Pilot,,,142.49,39.96
D000000611,2026-01-28,L0004815,P0025,S010,Final-1,C,FinalInspect,Dimensional,B,MassProduction,,M000058530,129.21,18.55
D000000612,2026-01-28,L0004815,P0025,S010,Final-1,C,ElectricalTest,Dimensional,B,MassProduction,,M000058521,37.22,38.4
D000000613,2026-01-28,L0004832,P0015,S008,ChassisLine-1,A,ChassisFit,Noise/Vibration,A,MassProduction,,,55.02,19.89
D000000614,2026-01-29,L0004855,P0018,S001,TrimLine-1,A,FinalInspect,Dimensional,B,MassProduction,,M000058987,133.73,15.32
D000000615,2026-01-30,L0004863,P0015,S008,ChassisLine-1,B,Torque,Weld,B,MassProduction,,,165.88,17.69
D000000616,2026-01-30,L0004866,P0030,S009,Final-1,B,FinalInspect,Dimensional,B,MassProduction,,M000059111,156.9,13.85
D000000617,2026-01-31,L0004880,P0014,S003,Final-1,A,TrimInstall,Electrical,B,MassProduction,,,9.47,43.89
D000000618,2026-01-31,L0004892,P0018,S001,TrimLine-1,C,ElectricalTest,Dimensional,B,MassProduction,,M000059415,133.79,12.52
D000000619,2026-01-31,L0004898,P0001,S001,Final-1,B,TrimInstall,Scratch,B,Pilot,,,20.33,9.23
